2017-11-30T21:52:23,18.10000000000000000000,64.58000000000000000000
2017-11-30T21:57:22,18.10000000000000000000,64.58000000000000000000
2017-11-30T22:02:22,17.81000000000000000000,64.05800000000000000000
2017-11-30T22:07:21,17.67000000000000000000,63.80600000000000000000
2017-11-30T22:12:21,17.81000000000000000000,64.05800000000000000000
2017-11-30T22:17:20,17.96000000000000000000,64.32800000000000000000
2017-11-30T22:22:20,17.96000000000000000000,64.32800000000000000000
2017-11-30T22:27:19,17.81000000000000000000,64.05800000000000000000
2017-11-30T22:32:19,17.81000000000000000000,64.05800000000000000000
2017-11-30T22:37:18,17.96000000000000000000,64.32800000000000000000
2017-11-30T22:42:18,17.81000000000000000000,64.05800000000000000000
2017-11-30T22:47:17,17.67000000000000000000,63.80600000000000000000
2017-11-30T22:52:17,17.81000000000000000000,64.05800000000000000000
2017-11-30T22:57:16,17.96000000000000000000,64.32800000000000000000
2017-11-30T23:02:16,17.81000000000000000000,64.05800000000000000000
2017-11-30T23:07:15,17.67000000000000000000,63.80600000000000000000
2017-11-30T23:12:15,17.67000000000000000000,63.80600000000000000000
2017-11-30T23:17:14,17.67000000000000000000,63.80600000000000000000
2017-11-30T23:22:14,17.53000000000000000000,63.55400000000000000000
2017-11-30T23:27:13,17.53000000000000000000,63.55400000000000000000
2017-11-30T23:32:13,17.67000000000000000000,63.80600000000000000000
2017-11-30T23:37:12,17.67000000000000000000,63.80600000000000000000
2017-11-30T23:42:12,17.67000000000000000000,63.80600000000000000000
2017-11-30T23:47:11,17.81000000000000000000,64.05800000000000000000
2017-11-30T23:52:11,17.96000000000000000000,64.32800000000000000000
2017-11-30T23:57:10,17.81000000000000000000,64.05800000000000000000
2017-12-01T00:02:10,17.67000000000000000000,63.80600000000000000000
2017-12-01T00:07:09,17.67000000000000000000,63.80600000000000000000
2017-12-01T00:12:09,17.67000000000000000000,63.80600000000000000000
2017-12-01T00:17:08,17.67000000000000000000,63.80600000000000000000
2017-12-01T00:22:08,17.67000000000000000000,63.80600000000000000000
2017-12-01T00:27:07,17.67000000000000000000,63.80600000000000000000
2017-12-01T00:32:07,17.67000000000000000000,63.80600000000000000000
2017-12-01T00:37:06,17.67000000000000000000,63.80600000000000000000
2017-12-01T00:42:06,17.67000000000000000000,63.80600000000000000000
2017-12-01T00:47:05,17.67000000000000000000,63.80600000000000000000
2017-12-01T00:52:05,17.67000000000000000000,63.80600000000000000000
2017-12-01T00:57:04,17.67000000000000000000,63.80600000000000000000
2017-12-01T01:02:03,17.67000000000000000000,63.80600000000000000000
2017-12-01T01:07:03,17.67000000000000000000,63.80600000000000000000
2017-12-01T01:12:02,17.81000000000000000000,64.05800000000000000000
2017-12-01T01:17:02,17.81000000000000000000,64.05800000000000000000
2017-12-01T01:22:01,17.67000000000000000000,63.80600000000000000000
2017-12-01T01:27:00,17.67000000000000000000,63.80600000000000000000
2017-12-01T01:32:00,17.67000000000000000000,63.80600000000000000000
2017-12-01T01:37:00,17.67000000000000000000,63.80600000000000000000
2017-12-01T01:41:59,17.67000000000000000000,63.80600000000000000000
2017-12-01T01:46:58,17.81000000000000000000,64.05800000000000000000
2017-12-01T01:51:58,17.81000000000000000000,64.05800000000000000000
2017-12-01T01:56:58,17.81000000000000000000,64.05800000000000000000
2017-12-01T02:01:57,17.81000000000000000000,64.05800000000000000000
2017-12-01T02:06:57,17.67000000000000000000,63.80600000000000000000
2017-12-01T02:11:55,17.67000000000000000000,63.80600000000000000000
2017-12-01T02:16:54,17.67000000000000000000,63.80600000000000000000
2017-12-01T02:21:53,17.96000000000000000000,64.32800000000000000000
2017-12-01T02:26:52,18.38000000000000000000,65.08400000000000000000
2017-12-01T02:31:51,18.66000000000000000000,65.58800000000000000000
2017-12-01T02:36:51,18.94000000000000000000,66.09200000000000000000
2017-12-01T02:41:50,19.37000000000000000000,66.86600000000000000000
2017-12-01T02:46:50,19.79000000000000000000,67.62200000000000000000
2017-12-01T02:51:49,19.93000000000000000000,67.87400000000000000000
2017-12-01T02:56:49,19.93000000000000000000,67.87400000000000000000
2017-12-01T03:01:48,19.93000000000000000000,67.87400000000000000000
2017-12-01T03:06:48,19.93000000000000000000,67.87400000000000000000
2017-12-01T03:11:47,19.93000000000000000000,67.87400000000000000000
2017-12-01T03:16:47,19.93000000000000000000,67.87400000000000000000
2017-12-01T03:21:46,20.07000000000000000000,68.12600000000000000000
2017-12-01T03:26:45,20.07000000000000000000,68.12600000000000000000
2017-12-01T03:31:45,19.93000000000000000000,67.87400000000000000000
2017-12-01T03:36:44,19.93000000000000000000,67.87400000000000000000
2017-12-01T03:41:44,19.93000000000000000000,67.87400000000000000000
2017-12-01T03:46:43,19.93000000000000000000,67.87400000000000000000
2017-12-01T03:51:43,20.07000000000000000000,68.12600000000000000000
2017-12-01T03:56:42,20.07000000000000000000,68.12600000000000000000
2017-12-01T04:01:42,19.93000000000000000000,67.87400000000000000000
2017-12-01T04:06:41,19.93000000000000000000,67.87400000000000000000
2017-12-01T04:11:41,19.93000000000000000000,67.87400000000000000000
2017-12-01T04:16:40,19.93000000000000000000,67.87400000000000000000
2017-12-01T04:21:40,19.93000000000000000000,67.87400000000000000000
2017-12-01T04:26:39,19.93000000000000000000,67.87400000000000000000
2017-12-01T04:31:39,19.93000000000000000000,67.87400000000000000000
2017-12-01T04:36:38,19.93000000000000000000,67.87400000000000000000
2017-12-01T04:41:38,19.93000000000000000000,67.87400000000000000000
2017-12-01T04:46:37,19.93000000000000000000,67.87400000000000000000
2017-12-01T04:51:37,19.93000000000000000000,67.87400000000000000000
2017-12-01T04:56:37,19.93000000000000000000,67.87400000000000000000
2017-12-01T05:01:36,19.93000000000000000000,67.87400000000000000000
2017-12-01T05:06:36,19.93000000000000000000,67.87400000000000000000
2017-12-01T05:11:35,20.07000000000000000000,68.12600000000000000000
2017-12-01T05:16:35,20.07000000000000000000,68.12600000000000000000
2017-12-01T05:21:34,19.93000000000000000000,67.87400000000000000000
2017-12-01T05:26:34,19.93000000000000000000,67.87400000000000000000
2017-12-01T05:31:33,19.93000000000000000000,67.87400000000000000000
2017-12-01T05:36:33,19.93000000000000000000,67.87400000000000000000
2017-12-01T05:41:32,19.93000000000000000000,67.87400000000000000000
2017-12-01T05:46:32,19.93000000000000000000,67.87400000000000000000
2017-12-01T05:51:31,20.07000000000000000000,68.12600000000000000000
2017-12-01T05:56:31,20.07000000000000000000,68.12600000000000000000
2017-12-01T06:01:30,19.93000000000000000000,67.87400000000000000000
2017-12-01T06:06:30,19.93000000000000000000,67.87400000000000000000
2017-12-01T06:11:29,19.93000000000000000000,67.87400000000000000000
2017-12-01T06:16:29,20.07000000000000000000,68.12600000000000000000
2017-12-01T06:21:28,20.22000000000000000000,68.39600000000000000000
2017-12-01T06:26:28,20.07000000000000000000,68.12600000000000000000
2017-12-01T06:31:27,20.07000000000000000000,68.12600000000000000000
2017-12-01T06:36:27,20.07000000000000000000,68.12600000000000000000
2017-12-01T06:41:26,19.93000000000000000000,67.87400000000000000000
2017-12-01T06:46:26,19.93000000000000000000,67.87400000000000000000
2017-12-01T06:51:25,19.93000000000000000000,67.87400000000000000000
2017-12-01T06:56:25,19.93000000000000000000,67.87400000000000000000
2017-12-01T07:01:24,19.93000000000000000000,67.87400000000000000000
2017-12-01T07:06:24,20.07000000000000000000,68.12600000000000000000
2017-12-01T07:11:23,20.22000000000000000000,68.39600000000000000000
2017-12-01T07:16:23,20.07000000000000000000,68.12600000000000000000
2017-12-01T07:21:22,19.93000000000000000000,67.87400000000000000000
2017-12-01T07:26:22,19.93000000000000000000,67.87400000000000000000
2017-12-01T07:31:21,19.93000000000000000000,67.87400000000000000000
2017-12-01T07:36:21,19.93000000000000000000,67.87400000000000000000
2017-12-01T07:41:20,19.93000000000000000000,67.87400000000000000000
2017-12-01T07:46:20,19.93000000000000000000,67.87400000000000000000
2017-12-01T07:51:19,19.93000000000000000000,67.87400000000000000000
2017-12-01T07:56:19,20.07000000000000000000,68.12600000000000000000
2017-12-01T08:01:18,20.22000000000000000000,68.39600000000000000000
2017-12-01T08:06:18,20.22000000000000000000,68.39600000000000000000
2017-12-01T08:11:17,20.07000000000000000000,68.12600000000000000000
2017-12-01T08:16:17,19.93000000000000000000,67.87400000000000000000
2017-12-01T08:21:16,19.93000000000000000000,67.87400000000000000000
2017-12-01T08:26:16,20.07000000000000000000,68.12600000000000000000
2017-12-01T08:31:15,20.22000000000000000000,68.39600000000000000000
2017-12-01T08:36:15,20.07000000000000000000,68.12600000000000000000
2017-12-01T08:41:14,19.93000000000000000000,67.87400000000000000000
2017-12-01T08:46:14,19.93000000000000000000,67.87400000000000000000
2017-12-01T08:51:13,19.93000000000000000000,67.87400000000000000000
2017-12-01T08:56:13,20.22000000000000000000,68.39600000000000000000
2017-12-01T09:01:12,20.22000000000000000000,68.39600000000000000000
2017-12-01T09:06:12,19.93000000000000000000,67.87400000000000000000
2017-12-01T09:11:11,19.93000000000000000000,67.87400000000000000000
2017-12-01T09:16:11,20.07000000000000000000,68.12600000000000000000
2017-12-01T09:21:10,20.36000000000000000000,68.64800000000000000000
2017-12-01T09:26:10,20.22000000000000000000,68.39600000000000000000
2017-12-01T09:31:09,19.93000000000000000000,67.87400000000000000000
2017-12-01T09:36:09,19.93000000000000000000,67.87400000000000000000
2017-12-01T09:41:09,19.93000000000000000000,67.87400000000000000000
2017-12-01T09:46:08,20.22000000000000000000,68.39600000000000000000
2017-12-01T09:51:07,20.36000000000000000000,68.64800000000000000000
2017-12-01T09:56:07,20.36000000000000000000,68.64800000000000000000
2017-12-01T10:01:07,20.36000000000000000000,68.64800000000000000000
2017-12-01T10:06:06,20.22000000000000000000,68.39600000000000000000
2017-12-01T10:11:06,20.22000000000000000000,68.39600000000000000000
2017-12-01T10:16:05,20.50000000000000000000,68.90000000000000000000
2017-12-01T10:21:05,20.50000000000000000000,68.90000000000000000000
2017-12-01T10:26:04,20.07000000000000000000,68.12600000000000000000
2017-12-01T10:31:04,20.07000000000000000000,68.12600000000000000000
2017-12-01T10:36:03,20.22000000000000000000,68.39600000000000000000
2017-12-01T10:41:03,20.50000000000000000000,68.90000000000000000000
2017-12-01T10:46:02,20.64000000000000000000,69.15200000000000000000
2017-12-01T10:51:02,20.36000000000000000000,68.64800000000000000000
2017-12-01T10:56:01,20.07000000000000000000,68.12600000000000000000
2017-12-01T11:01:01,20.22000000000000000000,68.39600000000000000000
2017-12-01T11:06:00,20.50000000000000000000,68.90000000000000000000
2017-12-01T11:11:00,20.50000000000000000000,68.90000000000000000000
2017-12-01T11:15:59,20.64000000000000000000,69.15200000000000000000
2017-12-01T11:20:59,20.92000000000000000000,69.65600000000000000000
2017-12-01T11:25:58,21.06000000000000000000,69.90800000000000000000
2017-12-01T11:30:58,21.06000000000000000000,69.90800000000000000000
2017-12-01T11:35:57,21.35000000000000000000,70.43000000000000000000
2017-12-01T11:40:57,21.91000000000000000000,71.43800000000000000000
2017-12-01T11:45:56,21.91000000000000000000,71.43800000000000000000
2017-12-01T11:50:56,21.63000000000000000000,70.93400000000000000000
2017-12-01T11:55:55,21.49000000000000000000,70.68200000000000000000
2017-12-01T12:00:54,21.20000000000000000000,70.16000000000000000000
2017-12-01T12:05:54,21.06000000000000000000,69.90800000000000000000
2017-12-01T12:10:53,21.06000000000000000000,69.90800000000000000000
2017-12-01T12:15:53,21.20000000000000000000,70.16000000000000000000
2017-12-01T12:20:52,21.49000000000000000000,70.68200000000000000000
2017-12-01T12:25:51,21.49000000000000000000,70.68200000000000000000
2017-12-01T12:30:51,21.20000000000000000000,70.16000000000000000000
2017-12-01T12:35:50,21.06000000000000000000,69.90800000000000000000
2017-12-01T12:40:50,21.06000000000000000000,69.90800000000000000000
2017-12-01T12:45:49,21.06000000000000000000,69.90800000000000000000
2017-12-01T12:50:49,20.92000000000000000000,69.65600000000000000000
2017-12-01T12:55:48,20.78000000000000000000,69.40400000000000000000
2017-12-01T13:00:48,20.78000000000000000000,69.40400000000000000000
2017-12-01T13:05:47,20.78000000000000000000,69.40400000000000000000
2017-12-01T13:10:47,20.64000000000000000000,69.15200000000000000000
2017-12-01T13:15:46,20.78000000000000000000,69.40400000000000000000
2017-12-01T13:20:46,20.92000000000000000000,69.65600000000000000000
2017-12-01T13:25:45,20.64000000000000000000,69.15200000000000000000
2017-12-01T13:30:45,20.78000000000000000000,69.40400000000000000000
2017-12-01T13:35:44,21.20000000000000000000,70.16000000000000000000
2017-12-01T13:40:44,21.49000000000000000000,70.68200000000000000000
2017-12-01T13:45:43,21.49000000000000000000,70.68200000000000000000
2017-12-01T13:50:42,21.20000000000000000000,70.16000000000000000000
2017-12-01T13:55:41,21.06000000000000000000,69.90800000000000000000
2017-12-01T14:00:40,21.06000000000000000000,69.90800000000000000000
2017-12-01T14:05:40,21.06000000000000000000,69.90800000000000000000
2017-12-01T14:10:39,20.92000000000000000000,69.65600000000000000000
2017-12-01T14:15:39,20.78000000000000000000,69.40400000000000000000
2017-12-01T14:20:38,20.64000000000000000000,69.15200000000000000000
2017-12-01T14:25:38,20.22000000000000000000,68.39600000000000000000
2017-12-01T14:30:37,19.93000000000000000000,67.87400000000000000000
2017-12-01T14:35:37,19.93000000000000000000,67.87400000000000000000
2017-12-01T14:40:36,19.93000000000000000000,67.87400000000000000000
2017-12-01T14:45:36,19.93000000000000000000,67.87400000000000000000
2017-12-01T14:50:35,19.93000000000000000000,67.87400000000000000000
2017-12-01T14:55:35,19.93000000000000000000,67.87400000000000000000
2017-12-01T15:00:34,19.79000000000000000000,67.62200000000000000000
2017-12-01T15:05:34,19.65000000000000000000,67.37000000000000000000
2017-12-01T15:10:33,19.65000000000000000000,67.37000000000000000000
2017-12-01T15:15:33,19.51000000000000000000,67.11800000000000000000
2017-12-01T15:20:32,19.37000000000000000000,66.86600000000000000000
2017-12-01T15:25:32,19.37000000000000000000,66.86600000000000000000
2017-12-01T15:30:31,19.37000000000000000000,66.86600000000000000000
2017-12-01T15:35:31,19.37000000000000000000,66.86600000000000000000
2017-12-01T15:40:30,19.37000000000000000000,66.86600000000000000000
2017-12-01T15:45:30,19.09000000000000000000,66.36200000000000000000
2017-12-01T15:50:29,18.94000000000000000000,66.09200000000000000000
2017-12-01T15:55:29,18.94000000000000000000,66.09200000000000000000
2017-12-01T16:00:28,18.80000000000000000000,65.84000000000000000000
2017-12-01T16:05:28,18.80000000000000000000,65.84000000000000000000
2017-12-01T16:10:27,18.80000000000000000000,65.84000000000000000000
2017-12-01T16:15:27,18.80000000000000000000,65.84000000000000000000
2017-12-01T16:20:26,18.80000000000000000000,65.84000000000000000000
2017-12-01T16:25:25,18.80000000000000000000,65.84000000000000000000
2017-12-01T16:30:25,18.80000000000000000000,65.84000000000000000000
2017-12-01T16:35:25,18.80000000000000000000,65.84000000000000000000
2017-12-01T16:40:24,18.80000000000000000000,65.84000000000000000000
2017-12-01T16:45:23,18.80000000000000000000,65.84000000000000000000
2017-12-01T16:50:23,18.80000000000000000000,65.84000000000000000000
2017-12-01T16:55:23,18.66000000000000000000,65.58800000000000000000
2017-12-01T17:00:22,18.52000000000000000000,65.33600000000000000000
2017-12-01T17:05:22,18.66000000000000000000,65.58800000000000000000
2017-12-01T17:10:21,18.80000000000000000000,65.84000000000000000000
2017-12-01T17:15:21,18.80000000000000000000,65.84000000000000000000
2017-12-01T17:20:20,18.80000000000000000000,65.84000000000000000000
2017-12-01T17:25:20,18.80000000000000000000,65.84000000000000000000
2017-12-01T17:30:19,18.80000000000000000000,65.84000000000000000000
2017-12-01T17:35:19,18.66000000000000000000,65.58800000000000000000
2017-12-01T17:40:18,18.66000000000000000000,65.58800000000000000000
2017-12-01T17:45:18,18.80000000000000000000,65.84000000000000000000
2017-12-01T17:50:17,18.80000000000000000000,65.84000000000000000000
2017-12-01T17:55:17,18.66000000000000000000,65.58800000000000000000
2017-12-01T18:00:17,18.52000000000000000000,65.33600000000000000000
2017-12-01T18:05:17,18.52000000000000000000,65.33600000000000000000
2017-12-01T18:10:16,18.52000000000000000000,65.33600000000000000000
2017-12-01T18:15:16,18.52000000000000000000,65.33600000000000000000
2017-12-01T18:20:15,18.52000000000000000000,65.33600000000000000000
2017-12-01T18:25:15,18.52000000000000000000,65.33600000000000000000
2017-12-01T18:30:14,18.38000000000000000000,65.08400000000000000000
2017-12-01T18:35:14,18.24000000000000000000,64.83200000000000000000
2017-12-01T18:40:13,18.38000000000000000000,65.08400000000000000000
2017-12-01T18:45:12,18.52000000000000000000,65.33600000000000000000
2017-12-01T18:50:12,18.38000000000000000000,65.08400000000000000000
2017-12-01T18:55:12,18.38000000000000000000,65.08400000000000000000
2017-12-01T19:00:11,18.52000000000000000000,65.33600000000000000000
2017-12-01T19:05:11,18.52000000000000000000,65.33600000000000000000
2017-12-01T19:10:10,18.38000000000000000000,65.08400000000000000000
2017-12-01T19:15:10,18.24000000000000000000,64.83200000000000000000
2017-12-01T19:20:09,18.38000000000000000000,65.08400000000000000000
2017-12-01T19:25:09,18.38000000000000000000,65.08400000000000000000
2017-12-01T19:30:08,18.24000000000000000000,64.83200000000000000000
2017-12-01T19:35:07,18.38000000000000000000,65.08400000000000000000
2017-12-01T19:40:07,18.24000000000000000000,64.83200000000000000000
2017-12-01T19:45:06,18.10000000000000000000,64.58000000000000000000
2017-12-01T19:50:06,18.24000000000000000000,64.83200000000000000000
2017-12-01T19:55:05,18.24000000000000000000,64.83200000000000000000
2017-12-01T20:00:05,18.24000000000000000000,64.83200000000000000000
2017-12-01T20:05:05,18.24000000000000000000,64.83200000000000000000
2017-12-01T20:10:04,18.10000000000000000000,64.58000000000000000000
2017-12-01T20:15:03,17.96000000000000000000,64.32800000000000000000
2017-12-01T20:20:03,17.96000000000000000000,64.32800000000000000000
2017-12-01T20:25:02,18.10000000000000000000,64.58000000000000000000
2017-12-01T20:30:02,18.10000000000000000000,64.58000000000000000000
2017-12-01T20:35:01,17.81000000000000000000,64.05800000000000000000
2017-12-01T20:40:01,17.81000000000000000000,64.05800000000000000000
2017-12-01T20:45:00,17.96000000000000000000,64.32800000000000000000
2017-12-01T20:50:00,17.81000000000000000000,64.05800000000000000000
2017-12-01T20:54:59,17.96000000000000000000,64.32800000000000000000
2017-12-01T20:59:59,17.96000000000000000000,64.32800000000000000000
2017-12-01T21:04:58,17.67000000000000000000,63.80600000000000000000
2017-12-01T21:09:58,17.81000000000000000000,64.05800000000000000000
2017-12-01T21:14:57,17.96000000000000000000,64.32800000000000000000
2017-12-01T21:19:57,17.81000000000000000000,64.05800000000000000000
2017-12-01T21:24:56,17.81000000000000000000,64.05800000000000000000
2017-12-01T21:29:56,17.96000000000000000000,64.32800000000000000000
2017-12-01T21:34:55,17.81000000000000000000,64.05800000000000000000
2017-12-01T21:39:55,17.67000000000000000000,63.80600000000000000000
2017-12-01T21:44:54,17.67000000000000000000,63.80600000000000000000
2017-12-01T21:49:54,17.67000000000000000000,63.80600000000000000000
2017-12-01T21:54:53,17.81000000000000000000,64.05800000000000000000
2017-12-01T21:59:53,17.81000000000000000000,64.05800000000000000000
2017-12-01T22:04:52,17.67000000000000000000,63.80600000000000000000
2017-12-01T22:09:52,17.67000000000000000000,63.80600000000000000000
2017-12-01T22:14:51,17.67000000000000000000,63.80600000000000000000
2017-12-01T22:19:51,17.67000000000000000000,63.80600000000000000000
2017-12-01T22:24:50,17.67000000000000000000,63.80600000000000000000
2017-12-01T22:29:50,17.67000000000000000000,63.80600000000000000000
2017-12-01T22:34:49,17.67000000000000000000,63.80600000000000000000
2017-12-01T22:39:49,17.67000000000000000000,63.80600000000000000000
2017-12-01T22:44:48,17.67000000000000000000,63.80600000000000000000
2017-12-01T22:49:48,17.67000000000000000000,63.80600000000000000000
2017-12-01T22:54:47,17.53000000000000000000,63.55400000000000000000
2017-12-01T22:59:47,17.53000000000000000000,63.55400000000000000000
2017-12-01T23:04:46,17.67000000000000000000,63.80600000000000000000
2017-12-01T23:09:46,17.67000000000000000000,63.80600000000000000000
2017-12-01T23:14:45,17.67000000000000000000,63.80600000000000000000
2017-12-01T23:19:45,17.67000000000000000000,63.80600000000000000000
2017-12-01T23:24:44,17.67000000000000000000,63.80600000000000000000
2017-12-01T23:29:44,17.67000000000000000000,63.80600000000000000000
2017-12-01T23:34:43,17.53000000000000000000,63.55400000000000000000
2017-12-01T23:39:43,17.53000000000000000000,63.55400000000000000000
2017-12-01T23:44:42,17.67000000000000000000,63.80600000000000000000
2017-12-01T23:49:42,17.67000000000000000000,63.80600000000000000000
2017-12-01T23:54:41,17.67000000000000000000,63.80600000000000000000
2017-12-01T23:59:41,17.53000000000000000000,63.55400000000000000000
2017-12-02T00:04:40,17.53000000000000000000,63.55400000000000000000
2017-12-02T00:09:40,17.53000000000000000000,63.55400000000000000000
2017-12-02T00:14:39,17.53000000000000000000,63.55400000000000000000
2017-12-02T00:19:39,17.67000000000000000000,63.80600000000000000000
2017-12-02T00:24:38,17.67000000000000000000,63.80600000000000000000
2017-12-02T00:29:38,17.53000000000000000000,63.55400000000000000000
2017-12-02T00:34:37,17.39000000000000000000,63.30200000000000000000
2017-12-02T00:39:37,17.25000000000000000000,63.05000000000000000000
2017-12-02T00:44:36,17.11000000000000000000,62.79800000000000000000
2017-12-02T00:49:36,17.25000000000000000000,63.05000000000000000000
2017-12-02T00:54:35,17.39000000000000000000,63.30200000000000000000
2017-12-02T00:59:35,17.39000000000000000000,63.30200000000000000000
2017-12-02T01:04:34,17.39000000000000000000,63.30200000000000000000
2017-12-02T01:09:34,17.25000000000000000000,63.05000000000000000000
2017-12-02T01:14:33,17.25000000000000000000,63.05000000000000000000
2017-12-02T01:19:33,17.39000000000000000000,63.30200000000000000000
2017-12-02T01:24:33,17.39000000000000000000,63.30200000000000000000
2017-12-02T01:29:32,17.25000000000000000000,63.05000000000000000000
2017-12-02T01:34:32,17.11000000000000000000,62.79800000000000000000
2017-12-02T01:39:31,16.97000000000000000000,62.54600000000000000000
2017-12-02T01:44:30,16.97000000000000000000,62.54600000000000000000
2017-12-02T01:49:30,16.97000000000000000000,62.54600000000000000000
2017-12-02T01:54:30,16.83000000000000000000,62.29400000000000000000
2017-12-02T01:59:29,16.97000000000000000000,62.54600000000000000000
2017-12-02T02:04:29,16.97000000000000000000,62.54600000000000000000
2017-12-02T02:09:28,16.97000000000000000000,62.54600000000000000000
2017-12-02T02:14:28,16.97000000000000000000,62.54600000000000000000
2017-12-02T02:19:27,16.83000000000000000000,62.29400000000000000000
2017-12-02T02:24:26,16.97000000000000000000,62.54600000000000000000
2017-12-02T02:29:25,17.39000000000000000000,63.30200000000000000000
2017-12-02T02:34:25,17.96000000000000000000,64.32800000000000000000
2017-12-02T02:39:24,18.52000000000000000000,65.33600000000000000000
2017-12-02T02:44:23,18.80000000000000000000,65.84000000000000000000
2017-12-02T02:49:23,18.80000000000000000000,65.84000000000000000000
2017-12-02T02:54:22,18.80000000000000000000,65.84000000000000000000
2017-12-02T02:59:22,18.80000000000000000000,65.84000000000000000000
2017-12-02T03:04:21,18.66000000000000000000,65.58800000000000000000
2017-12-02T03:09:21,18.52000000000000000000,65.33600000000000000000
2017-12-02T03:14:20,18.38000000000000000000,65.08400000000000000000
2017-12-02T03:19:20,18.24000000000000000000,64.83200000000000000000
2017-12-02T03:24:19,18.10000000000000000000,64.58000000000000000000
2017-12-02T03:29:19,17.96000000000000000000,64.32800000000000000000
2017-12-02T03:34:18,17.81000000000000000000,64.05800000000000000000
2017-12-02T03:39:18,17.67000000000000000000,63.80600000000000000000
2017-12-02T03:44:17,17.67000000000000000000,63.80600000000000000000
2017-12-02T03:54:16,17.67000000000000000000,63.80600000000000000000
2017-12-02T03:59:16,17.67000000000000000000,63.80600000000000000000
2017-12-02T04:04:15,17.67000000000000000000,63.80600000000000000000
2017-12-02T04:09:15,17.67000000000000000000,63.80600000000000000000
2017-12-02T04:14:14,17.53000000000000000000,63.55400000000000000000
2017-12-02T04:19:14,17.53000000000000000000,63.55400000000000000000
2017-12-02T04:24:13,17.67000000000000000000,63.80600000000000000000
2017-12-02T04:29:13,17.67000000000000000000,63.80600000000000000000
2017-12-02T04:34:12,17.67000000000000000000,63.80600000000000000000
2017-12-02T04:39:12,17.67000000000000000000,63.80600000000000000000
2017-12-02T04:44:11,17.67000000000000000000,63.80600000000000000000
2017-12-02T04:49:11,17.53000000000000000000,63.55400000000000000000
2017-12-02T04:54:10,17.39000000000000000000,63.30200000000000000000
2017-12-02T04:59:10,17.39000000000000000000,63.30200000000000000000
2017-12-02T05:04:09,17.25000000000000000000,63.05000000000000000000
2017-12-02T05:09:09,17.25000000000000000000,63.05000000000000000000
2017-12-02T05:14:08,17.25000000000000000000,63.05000000000000000000
2017-12-02T05:19:08,17.11000000000000000000,62.79800000000000000000
2017-12-02T05:24:07,17.25000000000000000000,63.05000000000000000000
2017-12-02T05:29:07,17.25000000000000000000,63.05000000000000000000
2017-12-02T05:34:06,16.97000000000000000000,62.54600000000000000000
2017-12-02T05:39:06,16.97000000000000000000,62.54600000000000000000
2017-12-02T05:44:05,17.11000000000000000000,62.79800000000000000000
2017-12-02T05:49:05,16.97000000000000000000,62.54600000000000000000
2017-12-02T05:54:04,16.83000000000000000000,62.29400000000000000000
2017-12-02T05:59:04,16.97000000000000000000,62.54600000000000000000
2017-12-02T06:04:03,16.97000000000000000000,62.54600000000000000000
2017-12-02T06:09:03,16.83000000000000000000,62.29400000000000000000
2017-12-02T06:14:02,16.83000000000000000000,62.29400000000000000000
2017-12-02T06:19:02,16.97000000000000000000,62.54600000000000000000
2017-12-02T06:24:01,16.97000000000000000000,62.54600000000000000000
2017-12-02T06:29:01,16.83000000000000000000,62.29400000000000000000
2017-12-02T06:34:00,16.83000000000000000000,62.29400000000000000000
2017-12-02T06:39:00,16.83000000000000000000,62.29400000000000000000
2017-12-02T06:43:59,16.83000000000000000000,62.29400000000000000000
2017-12-02T06:48:59,16.83000000000000000000,62.29400000000000000000
2017-12-02T06:53:58,16.68000000000000000000,62.02400000000000000000
2017-12-02T06:58:58,16.54000000000000000000,61.77200000000000000000
2017-12-02T07:03:57,16.68000000000000000000,62.02400000000000000000
2017-12-02T07:08:57,16.83000000000000000000,62.29400000000000000000
2017-12-02T07:13:57,16.68000000000000000000,62.02400000000000000000
2017-12-02T07:18:56,16.68000000000000000000,62.02400000000000000000
2017-12-02T07:23:55,16.68000000000000000000,62.02400000000000000000
2017-12-02T07:28:55,16.54000000000000000000,61.77200000000000000000
2017-12-02T07:33:54,16.68000000000000000000,62.02400000000000000000
2017-12-02T07:38:54,16.68000000000000000000,62.02400000000000000000
2017-12-02T07:43:53,16.68000000000000000000,62.02400000000000000000
2017-12-02T07:48:53,16.68000000000000000000,62.02400000000000000000
2017-12-02T07:53:53,16.54000000000000000000,61.77200000000000000000
2017-12-02T07:58:52,16.54000000000000000000,61.77200000000000000000
2017-12-02T08:03:51,16.54000000000000000000,61.77200000000000000000
2017-12-02T08:08:51,16.54000000000000000000,61.77200000000000000000
2017-12-02T08:13:50,16.54000000000000000000,61.77200000000000000000
2017-12-02T08:18:50,16.54000000000000000000,61.77200000000000000000
2017-12-02T08:23:49,16.54000000000000000000,61.77200000000000000000
2017-12-02T08:28:49,16.54000000000000000000,61.77200000000000000000
2017-12-02T08:33:48,16.54000000000000000000,61.77200000000000000000
2017-12-02T08:38:48,16.54000000000000000000,61.77200000000000000000
2017-12-02T08:43:47,16.54000000000000000000,61.77200000000000000000
2017-12-02T08:48:47,16.54000000000000000000,61.77200000000000000000
2017-12-02T08:53:46,16.54000000000000000000,61.77200000000000000000
2017-12-02T08:58:46,16.54000000000000000000,61.77200000000000000000
2017-12-02T09:03:45,16.54000000000000000000,61.77200000000000000000
2017-12-02T09:08:45,16.54000000000000000000,61.77200000000000000000
2017-12-02T09:13:44,16.54000000000000000000,61.77200000000000000000
2017-12-02T09:23:43,16.40000000000000000000,61.52000000000000000000
2017-12-02T09:28:43,16.40000000000000000000,61.52000000000000000000
2017-12-02T09:33:43,16.54000000000000000000,61.77200000000000000000
2017-12-02T09:38:42,16.54000000000000000000,61.77200000000000000000
2017-12-02T09:43:41,16.54000000000000000000,61.77200000000000000000
2017-12-02T09:48:41,16.40000000000000000000,61.52000000000000000000
2017-12-02T09:53:40,16.40000000000000000000,61.52000000000000000000
2017-12-02T09:58:40,16.40000000000000000000,61.52000000000000000000
2017-12-02T10:03:40,16.26000000000000000000,61.26800000000000000000
2017-12-02T10:08:39,16.40000000000000000000,61.52000000000000000000
2017-12-02T10:13:39,16.40000000000000000000,61.52000000000000000000
2017-12-02T10:18:38,16.40000000000000000000,61.52000000000000000000
2017-12-02T10:23:37,16.26000000000000000000,61.26800000000000000000
2017-12-02T10:28:37,16.26000000000000000000,61.26800000000000000000
2017-12-02T10:33:37,16.54000000000000000000,61.77200000000000000000
2017-12-02T10:38:36,16.40000000000000000000,61.52000000000000000000
2017-12-02T10:43:35,16.26000000000000000000,61.26800000000000000000
2017-12-02T10:48:35,16.26000000000000000000,61.26800000000000000000
2017-12-02T10:53:34,16.26000000000000000000,61.26800000000000000000
2017-12-02T10:58:34,16.40000000000000000000,61.52000000000000000000
2017-12-02T11:03:34,16.97000000000000000000,62.54600000000000000000
2017-12-02T11:08:33,17.53000000000000000000,63.55400000000000000000
2017-12-02T11:13:33,17.67000000000000000000,63.80600000000000000000
2017-12-02T11:18:32,17.67000000000000000000,63.80600000000000000000
2017-12-02T11:23:32,17.81000000000000000000,64.05800000000000000000
2017-12-02T11:28:31,18.38000000000000000000,65.08400000000000000000
2017-12-02T11:33:31,18.80000000000000000000,65.84000000000000000000
2017-12-02T11:38:30,19.23000000000000000000,66.61400000000000000000
2017-12-02T11:43:30,19.79000000000000000000,67.62200000000000000000
2017-12-02T11:48:29,20.07000000000000000000,68.12600000000000000000
2017-12-02T11:53:29,20.50000000000000000000,68.90000000000000000000
2017-12-02T11:58:28,20.64000000000000000000,69.15200000000000000000
2017-12-02T12:03:28,20.36000000000000000000,68.64800000000000000000
2017-12-02T12:08:27,20.07000000000000000000,68.12600000000000000000
2017-12-02T12:13:27,19.93000000000000000000,67.87400000000000000000
2017-12-02T12:18:26,19.79000000000000000000,67.62200000000000000000
2017-12-02T12:23:26,19.79000000000000000000,67.62200000000000000000
2017-12-02T12:28:25,19.79000000000000000000,67.62200000000000000000
2017-12-02T12:33:25,19.79000000000000000000,67.62200000000000000000
2017-12-02T12:38:24,20.07000000000000000000,68.12600000000000000000
2017-12-02T12:43:24,20.22000000000000000000,68.39600000000000000000
2017-12-02T12:48:23,20.07000000000000000000,68.12600000000000000000
2017-12-02T12:53:23,19.93000000000000000000,67.87400000000000000000
2017-12-02T12:58:22,19.93000000000000000000,67.87400000000000000000
2017-12-02T13:03:22,19.79000000000000000000,67.62200000000000000000
2017-12-02T13:08:21,19.51000000000000000000,67.11800000000000000000
2017-12-02T13:13:21,19.37000000000000000000,66.86600000000000000000
2017-12-02T13:18:21,19.37000000000000000000,66.86600000000000000000
2017-12-02T13:23:20,19.23000000000000000000,66.61400000000000000000
2017-12-02T13:28:20,19.23000000000000000000,66.61400000000000000000
2017-12-02T13:33:19,19.37000000000000000000,66.86600000000000000000
2017-12-02T13:38:19,19.51000000000000000000,67.11800000000000000000
2017-12-02T13:43:18,19.65000000000000000000,67.37000000000000000000
2017-12-02T13:48:18,19.93000000000000000000,67.87400000000000000000
2017-12-02T13:53:17,20.07000000000000000000,68.12600000000000000000
2017-12-02T13:58:17,19.93000000000000000000,67.87400000000000000000
2017-12-02T14:03:16,19.93000000000000000000,67.87400000000000000000
2017-12-02T14:08:16,19.79000000000000000000,67.62200000000000000000
2017-12-02T14:13:15,19.79000000000000000000,67.62200000000000000000
2017-12-02T14:18:15,19.79000000000000000000,67.62200000000000000000
2017-12-02T14:23:14,19.65000000000000000000,67.37000000000000000000
2017-12-02T14:28:14,19.51000000000000000000,67.11800000000000000000
2017-12-02T14:33:13,19.23000000000000000000,66.61400000000000000000
2017-12-02T14:38:13,18.94000000000000000000,66.09200000000000000000
2017-12-02T14:43:12,18.94000000000000000000,66.09200000000000000000
2017-12-02T14:48:12,19.09000000000000000000,66.36200000000000000000
2017-12-02T14:53:11,18.94000000000000000000,66.09200000000000000000
2017-12-02T14:58:11,18.94000000000000000000,66.09200000000000000000
2017-12-02T15:03:10,19.09000000000000000000,66.36200000000000000000
2017-12-02T15:08:10,18.94000000000000000000,66.09200000000000000000
2017-12-02T15:13:09,18.94000000000000000000,66.09200000000000000000
2017-12-02T15:18:09,18.94000000000000000000,66.09200000000000000000
2017-12-02T15:23:08,18.80000000000000000000,65.84000000000000000000
2017-12-02T15:28:08,18.80000000000000000000,65.84000000000000000000
2017-12-02T15:33:07,18.80000000000000000000,65.84000000000000000000
2017-12-02T15:38:07,18.80000000000000000000,65.84000000000000000000
2017-12-02T15:43:06,18.80000000000000000000,65.84000000000000000000
2017-12-02T15:48:06,18.80000000000000000000,65.84000000000000000000
2017-12-02T15:53:05,18.80000000000000000000,65.84000000000000000000
2017-12-02T15:58:05,18.80000000000000000000,65.84000000000000000000
2017-12-02T16:03:04,18.80000000000000000000,65.84000000000000000000
2017-12-02T16:08:04,18.80000000000000000000,65.84000000000000000000
2017-12-02T16:13:03,18.80000000000000000000,65.84000000000000000000
2017-12-02T16:18:03,18.80000000000000000000,65.84000000000000000000
2017-12-02T16:23:02,18.80000000000000000000,65.84000000000000000000
2017-12-02T16:28:01,18.80000000000000000000,65.84000000000000000000
2017-12-02T16:33:01,18.80000000000000000000,65.84000000000000000000
2017-12-02T16:38:00,18.80000000000000000000,65.84000000000000000000
2017-12-02T16:43:00,18.66000000000000000000,65.58800000000000000000
2017-12-02T16:47:59,18.66000000000000000000,65.58800000000000000000
2017-12-02T16:52:59,18.80000000000000000000,65.84000000000000000000
2017-12-02T16:57:58,18.66000000000000000000,65.58800000000000000000
2017-12-02T17:02:58,18.66000000000000000000,65.58800000000000000000
2017-12-02T17:07:58,18.80000000000000000000,65.84000000000000000000
2017-12-02T17:12:57,18.80000000000000000000,65.84000000000000000000
2017-12-02T17:17:57,18.80000000000000000000,65.84000000000000000000
2017-12-02T17:22:56,18.66000000000000000000,65.58800000000000000000
2017-12-02T17:27:56,18.66000000000000000000,65.58800000000000000000
2017-12-02T17:32:55,18.80000000000000000000,65.84000000000000000000
2017-12-02T17:37:54,18.80000000000000000000,65.84000000000000000000
2017-12-02T17:42:54,18.66000000000000000000,65.58800000000000000000
2017-12-02T17:47:54,18.66000000000000000000,65.58800000000000000000
2017-12-02T17:52:53,18.80000000000000000000,65.84000000000000000000
2017-12-02T17:57:52,18.80000000000000000000,65.84000000000000000000
2017-12-02T18:02:51,18.66000000000000000000,65.58800000000000000000
2017-12-02T18:07:51,18.66000000000000000000,65.58800000000000000000
2017-12-02T18:12:50,18.80000000000000000000,65.84000000000000000000
2017-12-02T18:17:50,18.66000000000000000000,65.58800000000000000000
2017-12-02T18:22:49,18.52000000000000000000,65.33600000000000000000
2017-12-02T18:27:49,18.52000000000000000000,65.33600000000000000000
2017-12-02T18:32:48,18.38000000000000000000,65.08400000000000000000
2017-12-02T18:37:48,18.52000000000000000000,65.33600000000000000000
2017-12-02T18:42:47,18.80000000000000000000,65.84000000000000000000
2017-12-02T18:47:47,18.66000000000000000000,65.58800000000000000000
2017-12-02T18:52:46,18.52000000000000000000,65.33600000000000000000
2017-12-02T18:57:46,18.66000000000000000000,65.58800000000000000000
2017-12-02T19:02:45,18.52000000000000000000,65.33600000000000000000
2017-12-02T19:07:45,18.52000000000000000000,65.33600000000000000000
2017-12-02T19:12:44,18.80000000000000000000,65.84000000000000000000
2017-12-02T19:17:44,18.66000000000000000000,65.58800000000000000000
2017-12-02T19:22:43,18.52000000000000000000,65.33600000000000000000
2017-12-02T19:27:43,18.66000000000000000000,65.58800000000000000000
2017-12-02T19:32:42,18.66000000000000000000,65.58800000000000000000
2017-12-02T19:37:42,18.52000000000000000000,65.33600000000000000000
2017-12-02T19:42:41,18.38000000000000000000,65.08400000000000000000
2017-12-02T19:47:41,18.38000000000000000000,65.08400000000000000000
2017-12-02T19:52:40,18.52000000000000000000,65.33600000000000000000
2017-12-02T19:57:40,18.52000000000000000000,65.33600000000000000000
2017-12-02T20:02:39,18.52000000000000000000,65.33600000000000000000
2017-12-02T20:07:39,18.52000000000000000000,65.33600000000000000000
2017-12-02T20:12:38,18.52000000000000000000,65.33600000000000000000
2017-12-02T20:17:38,18.38000000000000000000,65.08400000000000000000
2017-12-02T20:22:37,18.38000000000000000000,65.08400000000000000000
2017-12-02T20:27:37,18.52000000000000000000,65.33600000000000000000
2017-12-02T20:32:36,18.66000000000000000000,65.58800000000000000000
2017-12-02T20:37:35,18.52000000000000000000,65.33600000000000000000
2017-12-02T20:42:35,18.24000000000000000000,64.83200000000000000000
2017-12-02T20:47:35,18.38000000000000000000,65.08400000000000000000
2017-12-02T20:52:34,18.52000000000000000000,65.33600000000000000000
2017-12-02T20:57:34,18.52000000000000000000,65.33600000000000000000
2017-12-02T21:02:33,18.52000000000000000000,65.33600000000000000000
2017-12-02T21:07:33,18.24000000000000000000,64.83200000000000000000
2017-12-02T21:12:32,18.10000000000000000000,64.58000000000000000000
2017-12-02T21:17:32,18.24000000000000000000,64.83200000000000000000
2017-12-02T21:22:31,18.10000000000000000000,64.58000000000000000000
2017-12-02T21:27:31,18.24000000000000000000,64.83200000000000000000
2017-12-02T21:32:30,18.38000000000000000000,65.08400000000000000000
2017-12-02T21:37:30,18.10000000000000000000,64.58000000000000000000
2017-12-02T21:42:29,18.10000000000000000000,64.58000000000000000000
2017-12-02T21:47:29,18.10000000000000000000,64.58000000000000000000
2017-12-02T21:52:28,17.96000000000000000000,64.32800000000000000000
2017-12-02T21:57:28,17.96000000000000000000,64.32800000000000000000
2017-12-02T22:02:27,17.81000000000000000000,64.05800000000000000000
2017-12-02T22:07:27,17.81000000000000000000,64.05800000000000000000
2017-12-02T22:12:26,17.96000000000000000000,64.32800000000000000000
2017-12-02T22:17:26,17.96000000000000000000,64.32800000000000000000
2017-12-02T22:22:25,17.96000000000000000000,64.32800000000000000000
2017-12-02T22:27:25,18.10000000000000000000,64.58000000000000000000
2017-12-02T22:32:24,18.24000000000000000000,64.83200000000000000000
2017-12-02T22:37:24,18.24000000000000000000,64.83200000000000000000
2017-12-02T22:42:23,18.10000000000000000000,64.58000000000000000000
2017-12-02T22:47:23,17.96000000000000000000,64.32800000000000000000
2017-12-02T22:52:22,17.96000000000000000000,64.32800000000000000000
2017-12-02T22:57:22,18.10000000000000000000,64.58000000000000000000
2017-12-02T23:02:21,18.10000000000000000000,64.58000000000000000000
2017-12-02T23:07:21,17.96000000000000000000,64.32800000000000000000
2017-12-02T23:12:20,17.96000000000000000000,64.32800000000000000000
2017-12-02T23:17:20,17.96000000000000000000,64.32800000000000000000
2017-12-02T23:22:19,17.96000000000000000000,64.32800000000000000000
2017-12-02T23:27:19,17.96000000000000000000,64.32800000000000000000
2017-12-02T23:32:18,17.81000000000000000000,64.05800000000000000000
2017-12-02T23:37:18,17.67000000000000000000,63.80600000000000000000
2017-12-02T23:42:17,17.81000000000000000000,64.05800000000000000000
2017-12-02T23:47:17,17.81000000000000000000,64.05800000000000000000
2017-12-02T23:52:17,17.67000000000000000000,63.80600000000000000000
2017-12-02T23:57:16,17.67000000000000000000,63.80600000000000000000
2017-12-03T00:02:16,17.81000000000000000000,64.05800000000000000000
2017-12-03T00:07:15,17.96000000000000000000,64.32800000000000000000
2017-12-03T00:12:15,17.81000000000000000000,64.05800000000000000000
2017-12-03T00:17:14,17.67000000000000000000,63.80600000000000000000
2017-12-03T00:22:13,17.67000000000000000000,63.80600000000000000000
2017-12-03T00:27:13,17.67000000000000000000,63.80600000000000000000
2017-12-03T00:32:13,17.67000000000000000000,63.80600000000000000000
2017-12-03T00:37:12,17.67000000000000000000,63.80600000000000000000
2017-12-03T00:42:11,17.67000000000000000000,63.80600000000000000000
2017-12-03T00:47:11,17.67000000000000000000,63.80600000000000000000
2017-12-03T00:52:10,17.67000000000000000000,63.80600000000000000000
2017-12-03T00:57:10,17.67000000000000000000,63.80600000000000000000
2017-12-03T01:02:10,17.67000000000000000000,63.80600000000000000000
2017-12-03T01:07:09,17.67000000000000000000,63.80600000000000000000
2017-12-03T01:12:09,17.67000000000000000000,63.80600000000000000000
2017-12-03T01:17:08,17.67000000000000000000,63.80600000000000000000
2017-12-03T01:22:08,17.67000000000000000000,63.80600000000000000000
2017-12-03T01:27:07,17.67000000000000000000,63.80600000000000000000
2017-12-03T01:32:07,17.67000000000000000000,63.80600000000000000000
2017-12-03T01:37:06,17.67000000000000000000,63.80600000000000000000
2017-12-03T01:42:06,17.67000000000000000000,63.80600000000000000000
2017-12-03T01:47:05,17.67000000000000000000,63.80600000000000000000
2017-12-03T01:52:05,17.67000000000000000000,63.80600000000000000000
2017-12-03T01:57:04,17.67000000000000000000,63.80600000000000000000
2017-12-03T02:02:04,17.67000000000000000000,63.80600000000000000000
2017-12-03T02:07:02,17.96000000000000000000,64.32800000000000000000
2017-12-03T02:12:01,18.38000000000000000000,65.08400000000000000000
2017-12-03T02:17:01,18.52000000000000000000,65.33600000000000000000
2017-12-03T02:22:00,18.66000000000000000000,65.58800000000000000000
2017-12-03T02:27:00,18.80000000000000000000,65.84000000000000000000
2017-12-03T02:31:59,18.80000000000000000000,65.84000000000000000000
2017-12-03T02:36:59,18.80000000000000000000,65.84000000000000000000
2017-12-03T02:41:58,18.80000000000000000000,65.84000000000000000000
2017-12-03T02:46:58,18.80000000000000000000,65.84000000000000000000
2017-12-03T02:51:57,18.80000000000000000000,65.84000000000000000000
2017-12-03T02:56:57,18.80000000000000000000,65.84000000000000000000
2017-12-03T03:01:56,18.94000000000000000000,66.09200000000000000000
2017-12-03T03:06:56,19.09000000000000000000,66.36200000000000000000
2017-12-03T03:11:55,18.94000000000000000000,66.09200000000000000000
2017-12-03T03:16:55,18.94000000000000000000,66.09200000000000000000
2017-12-03T03:21:54,18.94000000000000000000,66.09200000000000000000
2017-12-03T03:26:54,18.80000000000000000000,65.84000000000000000000
2017-12-03T03:31:53,18.80000000000000000000,65.84000000000000000000
2017-12-03T03:36:53,18.80000000000000000000,65.84000000000000000000
2017-12-03T03:41:52,18.94000000000000000000,66.09200000000000000000
2017-12-03T03:46:52,18.94000000000000000000,66.09200000000000000000
2017-12-03T03:51:51,18.94000000000000000000,66.09200000000000000000
2017-12-03T03:56:51,19.09000000000000000000,66.36200000000000000000
2017-12-03T04:01:51,18.94000000000000000000,66.09200000000000000000
2017-12-03T04:06:50,18.94000000000000000000,66.09200000000000000000
2017-12-03T04:11:50,19.09000000000000000000,66.36200000000000000000
2017-12-03T04:16:49,19.09000000000000000000,66.36200000000000000000
2017-12-03T04:21:48,18.94000000000000000000,66.09200000000000000000
2017-12-03T04:26:48,18.94000000000000000000,66.09200000000000000000
2017-12-03T04:31:47,18.94000000000000000000,66.09200000000000000000
2017-12-03T04:36:47,18.80000000000000000000,65.84000000000000000000
2017-12-03T04:41:46,18.80000000000000000000,65.84000000000000000000
2017-12-03T04:46:46,19.09000000000000000000,66.36200000000000000000
2017-12-03T04:51:45,19.23000000000000000000,66.61400000000000000000
2017-12-03T04:56:45,18.94000000000000000000,66.09200000000000000000
2017-12-03T05:01:44,18.94000000000000000000,66.09200000000000000000
2017-12-03T05:06:44,18.94000000000000000000,66.09200000000000000000
2017-12-03T05:11:43,18.94000000000000000000,66.09200000000000000000
2017-12-03T05:16:43,19.09000000000000000000,66.36200000000000000000
2017-12-03T05:21:42,19.09000000000000000000,66.36200000000000000000
2017-12-03T05:26:42,19.09000000000000000000,66.36200000000000000000
2017-12-03T05:31:41,19.23000000000000000000,66.61400000000000000000
2017-12-03T05:36:41,19.37000000000000000000,66.86600000000000000000
2017-12-03T05:41:40,19.37000000000000000000,66.86600000000000000000
2017-12-03T05:46:40,19.23000000000000000000,66.61400000000000000000
2017-12-03T05:51:39,19.09000000000000000000,66.36200000000000000000
2017-12-03T05:56:39,19.09000000000000000000,66.36200000000000000000
2017-12-03T06:01:39,19.09000000000000000000,66.36200000000000000000
2017-12-03T06:06:38,19.09000000000000000000,66.36200000000000000000
2017-12-03T06:11:37,19.23000000000000000000,66.61400000000000000000
2017-12-03T06:16:37,19.23000000000000000000,66.61400000000000000000
2017-12-03T06:21:36,18.94000000000000000000,66.09200000000000000000
2017-12-03T06:26:37,18.80000000000000000000,65.84000000000000000000
2017-12-03T06:31:37,18.80000000000000000000,65.84000000000000000000
2017-12-03T06:36:36,18.94000000000000000000,66.09200000000000000000
2017-12-03T06:41:35,19.09000000000000000000,66.36200000000000000000
2017-12-03T06:46:35,19.09000000000000000000,66.36200000000000000000
2017-12-03T06:51:34,19.09000000000000000000,66.36200000000000000000
2017-12-03T06:56:34,19.09000000000000000000,66.36200000000000000000
2017-12-03T07:01:33,19.09000000000000000000,66.36200000000000000000
2017-12-03T07:06:33,19.09000000000000000000,66.36200000000000000000
2017-12-03T07:11:32,19.09000000000000000000,66.36200000000000000000
2017-12-03T07:16:32,19.23000000000000000000,66.61400000000000000000
2017-12-03T07:21:31,19.37000000000000000000,66.86600000000000000000
2017-12-03T07:26:31,19.23000000000000000000,66.61400000000000000000
2017-12-03T07:31:30,19.23000000000000000000,66.61400000000000000000
2017-12-03T07:36:29,19.37000000000000000000,66.86600000000000000000
2017-12-03T07:41:29,19.37000000000000000000,66.86600000000000000000
2017-12-03T07:46:28,19.23000000000000000000,66.61400000000000000000
2017-12-03T07:51:28,19.09000000000000000000,66.36200000000000000000
2017-12-03T07:56:28,19.23000000000000000000,66.61400000000000000000
2017-12-03T08:01:27,19.37000000000000000000,66.86600000000000000000
2017-12-03T08:06:26,19.23000000000000000000,66.61400000000000000000
2017-12-03T08:11:26,19.09000000000000000000,66.36200000000000000000
2017-12-03T08:21:25,19.09000000000000000000,66.36200000000000000000
2017-12-03T08:26:24,19.23000000000000000000,66.61400000000000000000
2017-12-03T08:31:24,19.23000000000000000000,66.61400000000000000000
2017-12-03T08:36:23,18.94000000000000000000,66.09200000000000000000
2017-12-03T08:41:22,19.09000000000000000000,66.36200000000000000000
2017-12-03T08:46:22,19.37000000000000000000,66.86600000000000000000
2017-12-03T08:51:21,19.37000000000000000000,66.86600000000000000000
2017-12-03T08:56:21,19.37000000000000000000,66.86600000000000000000
2017-12-03T09:01:20,19.37000000000000000000,66.86600000000000000000
2017-12-03T09:06:20,19.37000000000000000000,66.86600000000000000000
2017-12-03T09:11:19,19.23000000000000000000,66.61400000000000000000
2017-12-03T09:16:19,19.23000000000000000000,66.61400000000000000000
2017-12-03T09:21:18,19.37000000000000000000,66.86600000000000000000
2017-12-03T09:26:18,19.37000000000000000000,66.86600000000000000000
2017-12-03T09:31:17,19.23000000000000000000,66.61400000000000000000
2017-12-03T09:36:17,19.23000000000000000000,66.61400000000000000000
2017-12-03T09:41:16,19.37000000000000000000,66.86600000000000000000
2017-12-03T09:46:16,19.65000000000000000000,67.37000000000000000000
2017-12-03T09:51:15,19.79000000000000000000,67.62200000000000000000
2017-12-03T09:56:15,19.65000000000000000000,67.37000000000000000000
2017-12-03T10:01:14,19.51000000000000000000,67.11800000000000000000
2017-12-03T10:06:14,19.51000000000000000000,67.11800000000000000000
2017-12-03T10:11:13,19.51000000000000000000,67.11800000000000000000
2017-12-03T10:16:13,19.37000000000000000000,66.86600000000000000000
2017-12-03T10:21:12,19.37000000000000000000,66.86600000000000000000
2017-12-03T10:26:12,19.51000000000000000000,67.11800000000000000000
2017-12-03T10:31:11,19.37000000000000000000,66.86600000000000000000
2017-12-03T10:36:11,19.09000000000000000000,66.36200000000000000000
2017-12-03T10:41:10,19.37000000000000000000,66.86600000000000000000
2017-12-03T10:46:10,19.37000000000000000000,66.86600000000000000000
2017-12-03T10:51:09,19.09000000000000000000,66.36200000000000000000
2017-12-03T10:56:09,19.09000000000000000000,66.36200000000000000000
2017-12-03T11:01:09,19.23000000000000000000,66.61400000000000000000
2017-12-03T11:06:08,19.23000000000000000000,66.61400000000000000000
2017-12-03T11:11:08,19.09000000000000000000,66.36200000000000000000
2017-12-03T11:16:07,19.37000000000000000000,66.86600000000000000000
2017-12-03T11:21:07,19.65000000000000000000,67.37000000000000000000
2017-12-03T11:26:06,19.79000000000000000000,67.62200000000000000000
2017-12-03T11:31:06,19.93000000000000000000,67.87400000000000000000
2017-12-03T11:36:05,20.07000000000000000000,68.12600000000000000000
2017-12-03T11:41:04,20.64000000000000000000,69.15200000000000000000
2017-12-03T11:46:04,21.20000000000000000000,70.16000000000000000000
2017-12-03T11:51:04,21.49000000000000000000,70.68200000000000000000
2017-12-03T11:56:03,21.49000000000000000000,70.68200000000000000000
2017-12-03T12:01:03,21.35000000000000000000,70.43000000000000000000
2017-12-03T12:06:02,21.20000000000000000000,70.16000000000000000000
2017-12-03T12:11:02,21.06000000000000000000,69.90800000000000000000
2017-12-03T12:16:01,20.78000000000000000000,69.40400000000000000000
2017-12-03T12:21:01,20.50000000000000000000,68.90000000000000000000
2017-12-03T12:26:00,20.64000000000000000000,69.15200000000000000000
2017-12-03T12:30:59,20.64000000000000000000,69.15200000000000000000
2017-12-03T12:35:59,20.78000000000000000000,69.40400000000000000000
2017-12-03T12:40:58,21.06000000000000000000,69.90800000000000000000
2017-12-03T12:45:57,21.06000000000000000000,69.90800000000000000000
2017-12-03T12:50:57,21.06000000000000000000,69.90800000000000000000
2017-12-03T12:55:56,21.06000000000000000000,69.90800000000000000000
2017-12-03T13:00:55,20.92000000000000000000,69.65600000000000000000
2017-12-03T13:05:55,20.50000000000000000000,68.90000000000000000000
2017-12-03T13:10:54,20.22000000000000000000,68.39600000000000000000
2017-12-03T13:15:54,20.36000000000000000000,68.64800000000000000000
2017-12-03T13:20:53,20.36000000000000000000,68.64800000000000000000
2017-12-03T13:25:53,20.22000000000000000000,68.39600000000000000000
2017-12-03T13:30:52,20.22000000000000000000,68.39600000000000000000
2017-12-03T13:35:52,20.22000000000000000000,68.39600000000000000000
2017-12-03T13:40:51,20.64000000000000000000,69.15200000000000000000
2017-12-03T13:45:51,21.06000000000000000000,69.90800000000000000000
2017-12-03T13:50:50,21.20000000000000000000,70.16000000000000000000
2017-12-03T13:55:50,21.35000000000000000000,70.43000000000000000000
2017-12-03T14:00:49,21.20000000000000000000,70.16000000000000000000
2017-12-03T14:05:49,20.92000000000000000000,69.65600000000000000000
2017-12-03T14:10:48,20.92000000000000000000,69.65600000000000000000
2017-12-03T14:15:47,20.92000000000000000000,69.65600000000000000000
2017-12-03T14:20:46,20.78000000000000000000,69.40400000000000000000
2017-12-03T14:25:45,20.78000000000000000000,69.40400000000000000000
2017-12-03T14:30:45,20.78000000000000000000,69.40400000000000000000
2017-12-03T14:35:44,20.78000000000000000000,69.40400000000000000000
2017-12-03T14:40:44,20.50000000000000000000,68.90000000000000000000
2017-12-03T14:45:43,20.22000000000000000000,68.39600000000000000000
2017-12-03T14:50:43,20.07000000000000000000,68.12600000000000000000
2017-12-03T14:55:42,19.93000000000000000000,67.87400000000000000000
2017-12-03T15:00:42,19.93000000000000000000,67.87400000000000000000
2017-12-03T15:05:41,19.93000000000000000000,67.87400000000000000000
2017-12-03T15:10:41,20.07000000000000000000,68.12600000000000000000
2017-12-03T15:15:40,20.07000000000000000000,68.12600000000000000000
2017-12-03T15:20:40,19.93000000000000000000,67.87400000000000000000
2017-12-03T15:25:39,19.93000000000000000000,67.87400000000000000000
2017-12-03T15:30:39,19.93000000000000000000,67.87400000000000000000
2017-12-03T15:35:38,20.07000000000000000000,68.12600000000000000000
2017-12-03T15:40:38,20.07000000000000000000,68.12600000000000000000
2017-12-03T15:45:37,19.93000000000000000000,67.87400000000000000000
2017-12-03T15:50:37,19.93000000000000000000,67.87400000000000000000
2017-12-03T15:55:36,19.79000000000000000000,67.62200000000000000000
2017-12-03T16:00:36,19.79000000000000000000,67.62200000000000000000
2017-12-03T16:05:35,19.93000000000000000000,67.87400000000000000000
2017-12-03T16:10:35,19.93000000000000000000,67.87400000000000000000
2017-12-03T16:15:34,19.93000000000000000000,67.87400000000000000000
2017-12-03T16:20:34,19.93000000000000000000,67.87400000000000000000
2017-12-03T16:25:33,19.79000000000000000000,67.62200000000000000000
2017-12-03T16:30:33,19.65000000000000000000,67.37000000000000000000
2017-12-03T16:35:32,19.79000000000000000000,67.62200000000000000000
2017-12-03T16:40:31,19.79000000000000000000,67.62200000000000000000
2017-12-03T16:45:31,19.65000000000000000000,67.37000000000000000000
2017-12-03T16:50:31,19.65000000000000000000,67.37000000000000000000
2017-12-03T16:55:30,19.79000000000000000000,67.62200000000000000000
2017-12-03T17:00:30,19.79000000000000000000,67.62200000000000000000
2017-12-03T17:05:29,19.79000000000000000000,67.62200000000000000000
